text,label
Congratulations! You have won a lottery prize. Click this link to claim your money.,scam
URGENT! Your bank account will be blocked. Verify your account immediately.,scam
You won 50000 rupees. Send your bank details to receive the prize.,scam
Your account has been selected for a cash reward. Click here now.,scam
Your KYC has expired. Click the link immediately to update your details.,scam
You have won a free mobile phone. Pay a small fee to claim it.,scam
URGENT! Your ATM card will be blocked today. Share your OTP to verify.,scam
Congratulations! You are selected for a lucky prize. Contact us immediately.,scam
Your bank account requires verification. Click this link to avoid suspension.,scam
You have received a reward. Provide your OTP to claim it.,scam
Your electricity connection will be disconnected today. Pay immediately using this link.,scam
Your SIM card will be blocked. Verify your identity by clicking this link.,scam
Win a free iPhone now! Click the link and enter your personal details.,scam
Your UPI account has been suspended. Share your OTP to reactivate it.,scam
You are eligible for a special cash prize. Send your account details now.,scam
Your credit card has been selected for a reward. Click here to claim.,scam
Urgent payment required to avoid legal action. Click the link immediately.,scam
You have won a special offer. Send your personal information to receive it.,scam
Your package is waiting. Pay the delivery charge using this suspicious link.,scam
Congratulations! You have been chosen for a government cash benefit. Verify now.,scam
Your order has been shipped and will arrive tomorrow.,safe
Your Amazon order has been delivered successfully.,safe
Your bank transaction of 500 rupees was successful.,safe
Your monthly electricity bill is ready to view.,safe
Your appointment is confirmed for tomorrow at 10 AM.,safe
Your college class starts at 9 AM tomorrow.,safe
Your food delivery order is on the way.,safe
Your flight booking has been confirmed.,safe
Your payment was successfully completed.,safe
Your recharge was successful. Thank you for using our service.,safe
Your package has been delivered to your address.,safe
Your train ticket has been booked successfully.,safe
Your meeting is scheduled for Monday at 11 AM.,safe
Your password was changed successfully.,safe
Your order has been cancelled as requested.,safe
Your bank statement is now available.,safe
Your subscription has been renewed successfully.,safe
Your electricity payment was received successfully.,safe
Your college exam timetable has been published.,safe
Your appointment reminder is scheduled for tomorrow.,safe